1,0.500000,0.500000,0.500000,0,0,0,1.281631e-004
2,0.500000,0.500000,1.500000,0,0,1,9.216184e-005
3,0.500000,0.500000,2.500000,0,0,2,8.248433e-005
4,0.500000,0.500000,3.500000,0,0,3,8.090753e-005
5,0.500000,0.500000,4.500000,0,0,4,8.108296e-005
6,0.500000,0.500000,5.500000,0,0,5,8.108296e-005
7,0.500000,0.500000,6.500000,0,0,6,8.090753e-005
8,0.500000,0.500000,7.500000,0,0,7,8.248433e-005
9,0.500000,0.500000,8.500000,0,0,8,9.216184e-005
10,0.500000,0.500000,9.500000,0,0,9,1.281631e-004
11,1.500000,0.500000,0.500000,1,0,0,9.216184e-005
12,1.500000,0.500000,1.500000,1,0,1,3.512206e-005
13,1.500000,0.500000,2.500000,1,0,2,1.937203e-005
14,1.500000,0.500000,3.500000,1,0,3,1.663260e-005
15,1.500000,0.500000,4.500000,1,0,4,1.575788e-005
16,1.500000,0.500000,5.500000,1,0,5,1.575788e-005
17,1.500000,0.500000,6.500000,1,0,6,1.663260e-005
18,1.500000,0.500000,7.500000,1,0,7,1.937203e-005
19,1.500000,0.500000,8.500000,1,0,8,3.512206e-005
20,1.500000,0.500000,9.500000,1,0,9,9.216184e-005
21,2.500000,0.500000,0.500000,2,0,0,8.248433e-005
22,2.500000,0.500000,1.500000,2,0,1,1.937203e-005
23,2.500000,0.500000,2.500000,2,0,2,8.031753e-006
24,2.500000,0.500000,3.500000,2,0,3,5.649300e-006
25,2.500000,0.500000,4.500000,2,0,4,5.999785e-006
26,2.500000,0.500000,5.500000,2,0,5,5.999785e-006
27,2.500000,0.500000,6.500000,2,0,6,5.649300e-006
28,2.500000,0.500000,7.500000,2,0,7,8.031753e-006
29,2.500000,0.500000,8.500000,2,0,8,1.937203e-005
30,2.500000,0.500000,9.500000,2,0,9,8.248433e-005
31,3.500000,0.500000,0.500000,3,0,0,8.090753e-005
32,3.500000,0.500000,1.500000,3,0,1,1.663260e-005
33,3.500000,0.500000,2.500000,3,0,2,5.649300e-006
34,3.500000,0.500000,3.500000,3,0,3,2.221573e-006
35,3.500000,0.500000,4.500000,3,0,4,1.785929e-006
36,3.500000,0.500000,5.500000,3,0,5,1.785929e-006
37,3.500000,0.500000,6.500000,3,0,6,2.221573e-006
38,3.500000,0.500000,7.500000,3,0,7,5.649300e-006
39,3.500000,0.500000,8.500000,3,0,8,1.663260e-005
40,3.500000,0.500000,9.500000,3,0,9,8.090753e-005
41,4.500000,0.500000,0.500000,4,0,0,8.108296e-005
42,4.500000,0.500000,1.500000,4,0,1,1.575788e-005
43,4.500000,0.500000,2.500000,4,0,2,5.999785e-006
44,4.500000,0.500000,3.500000,4,0,3,1.785929e-006
45,4.500000,0.500000,4.500000,4,0,4,7.840748e-007
46,4.500000,0.500000,5.500000,4,0,5,7.840748e-007
47,4.500000,0.500000,6.500000,4,0,6,1.785929e-006
48,4.500000,0.500000,7.500000,4,0,7,5.999785e-006
49,4.500000,0.500000,8.500000,4,0,8,1.575788e-005
50,4.500000,0.500000,9.500000,4,0,9,8.108296e-005
51,5.500000,0.500000,0.500000,5,0,0,8.108296e-005
52,5.500000,0.500000,1.500000,5,0,1,1.575788e-005
53,5.500000,0.500000,2.500000,5,0,2,5.999785e-006
54,5.500000,0.500000,3.500000,5,0,3,1.785929e-006
55,5.500000,0.500000,4.500000,5,0,4,7.840748e-007
56,5.500000,0.500000,5.500000,5,0,5,7.840748e-007
57,5.500000,0.500000,6.500000,5,0,6,1.785929e-006
58,5.500000,0.500000,7.500000,5,0,7,5.999785e-006
59,5.500000,0.500000,8.500000,5,0,8,1.575788e-005
60,5.500000,0.500000,9.500000,5,0,9,8.108296e-005
61,6.500000,0.500000,0.500000,6,0,0,8.090753e-005
62,6.500000,0.500000,1.500000,6,0,1,1.663260e-005
63,6.500000,0.500000,2.500000,6,0,2,5.649300e-006
64,6.500000,0.500000,3.500000,6,0,3,2.221573e-006
65,6.500000,0.500000,4.500000,6,0,4,1.785929e-006
66,6.500000,0.500000,5.500000,6,0,5,1.785929e-006
67,6.500000,0.500000,6.500000,6,0,6,2.221573e-006
68,6.500000,0.500000,7.500000,6,0,7,5.649300e-006
69,6.500000,0.500000,8.500000,6,0,8,1.663260e-005
70,6.500000,0.500000,9.500000,6,0,9,8.090753e-005
71,7.500000,0.500000,0.500000,7,0,0,8.248433e-005
72,7.500000,0.500000,1.500000,7,0,1,1.937203e-005
73,7.500000,0.500000,2.500000,7,0,2,8.031753e-006
74,7.500000,0.500000,3.500000,7,0,3,5.649300e-006
75,7.500000,0.500000,4.500000,7,0,4,5.999785e-006
76,7.500000,0.500000,5.500000,7,0,5,5.999785e-006
77,7.500000,0.500000,6.500000,7,0,6,5.649300e-006
78,7.500000,0.500000,7.500000,7,0,7,8.031753e-006
79,7.500000,0.500000,8.500000,7,0,8,1.937203e-005
80,7.500000,0.500000,9.500000,7,0,9,8.248433e-005
81,8.500000,0.500000,0.500000,8,0,0,9.216184e-005
82,8.500000,0.500000,1.500000,8,0,1,3.512206e-005
83,8.500000,0.500000,2.500000,8,0,2,1.937203e-005
84,8.500000,0.500000,3.500000,8,0,3,1.663260e-005
85,8.500000,0.500000,4.500000,8,0,4,1.575788e-005
86,8.500000,0.500000,5.500000,8,0,5,1.575788e-005
87,8.500000,0.500000,6.500000,8,0,6,1.663260e-005
88,8.500000,0.500000,7.500000,8,0,7,1.937203e-005
89,8.500000,0.500000,8.500000,8,0,8,3.512206e-005
90,8.500000,0.500000,9.500000,8,0,9,9.216184e-005
91,9.500000,0.500000,0.500000,9,0,0,1.281631e-004
92,9.500000,0.500000,1.500000,9,0,1,9.216184e-005
93,9.500000,0.500000,2.500000,9,0,2,8.248433e-005
94,9.500000,0.500000,3.500000,9,0,3,8.090753e-005
95,9.500000,0.500000,4.500000,9,0,4,8.108296e-005
96,9.500000,0.500000,5.500000,9,0,5,8.108296e-005
97,9.500000,0.500000,6.500000,9,0,6,8.090753e-005
98,9.500000,0.500000,7.500000,9,0,7,8.248433e-005
99,9.500000,0.500000,8.500000,9,0,8,9.216184e-005
100,9.500000,0.500000,9.500000,9,0,9,1.281631e-004
101,0.500000,1.500000,0.500000,0,1,0,1.333990e-004
102,0.500000,1.500000,1.500000,0,1,1,1.248976e-004
103,0.500000,1.500000,2.500000,0,1,2,1.160663e-004
104,0.500000,1.500000,3.500000,0,1,3,1.117249e-004
105,0.500000,1.500000,4.500000,0,1,4,1.107712e-004
106,0.500000,1.500000,5.500000,0,1,5,1.107712e-004
107,0.500000,1.500000,6.500000,0,1,6,1.117249e-004
108,0.500000,1.500000,7.500000,0,1,7,1.160663e-004
109,0.500000,1.500000,8.500000,0,1,8,1.248976e-004
110,0.500000,1.500000,9.500000,0,1,9,1.333990e-004
111,1.500000,1.500000,0.500000,1,1,0,1.248976e-004
112,1.500000,1.500000,1.500000,1,1,1,1.146209e-004
113,1.500000,1.500000,2.500000,1,1,2,1.087546e-004
114,1.500000,1.500000,3.500000,1,1,3,1.149193e-004
115,1.500000,1.500000,4.500000,1,1,4,1.276033e-004
116,1.500000,1.500000,5.500000,1,1,5,1.276033e-004
117,1.500000,1.500000,6.500000,1,1,6,1.149193e-004
118,1.500000,1.500000,7.500000,1,1,7,1.087546e-004
119,1.500000,1.500000,8.500000,1,1,8,1.146209e-004
120,1.500000,1.500000,9.500000,1,1,9,1.248976e-004
121,2.500000,1.500000,0.500000,2,1,0,1.160663e-004
122,2.500000,1.500000,1.500000,2,1,1,1.087546e-004
123,2.500000,1.500000,2.500000,2,1,2,1.263168e-004
124,2.500000,1.500000,3.500000,2,1,3,1.370796e-004
125,2.500000,1.500000,4.500000,2,1,4,1.491989e-004
126,2.500000,1.500000,5.500000,2,1,5,1.491989e-004
127,2.500000,1.500000,6.500000,2,1,6,1.370796e-004
128,2.500000,1.500000,7.500000,2,1,7,1.263168e-004
129,2.500000,1.500000,8.500000,2,1,8,1.087546e-004
130,2.500000,1.500000,9.500000,2,1,9,1.160663e-004
131,3.500000,1.500000,0.500000,3,1,0,1.117249e-004
132,3.500000,1.500000,1.500000,3,1,1,1.149193e-004
133,3.500000,1.500000,2.500000,3,1,2,1.370796e-004
134,3.500000,1.500000,3.500000,3,1,3,1.444379e-004
135,3.500000,1.500000,4.500000,3,1,4,1.518794e-004
136,3.500000,1.500000,5.500000,3,1,5,1.518794e-004
137,3.500000,1.500000,6.500000,3,1,6,1.444379e-004
138,3.500000,1.500000,7.500000,3,1,7,1.370796e-004
139,3.500000,1.500000,8.500000,3,1,8,1.149193e-004
140,3.500000,1.500000,9.500000,3,1,9,1.117249e-004
141,4.500000,1.500000,0.500000,4,1,0,1.107712e-004
142,4.500000,1.500000,1.500000,4,1,1,1.276033e-004
143,4.500000,1.500000,2.500000,4,1,2,1.491989e-004
144,4.500000,1.500000,3.500000,4,1,3,1.518794e-004
145,4.500000,1.500000,4.500000,4,1,4,1.561647e-004
146,4.500000,1.500000,5.500000,4,1,5,1.561647e-004
147,4.500000,1.500000,6.500000,4,1,6,1.518794e-004
148,4.500000,1.500000,7.500000,4,1,7,1.491989e-004
149,4.500000,1.500000,8.500000,4,1,8,1.276033e-004
150,4.500000,1.500000,9.500000,4,1,9,1.107712e-004
151,5.500000,1.500000,0.500000,5,1,0,1.107712e-004
152,5.500000,1.500000,1.500000,5,1,1,1.276033e-004
153,5.500000,1.500000,2.500000,5,1,2,1.491989e-004
154,5.500000,1.500000,3.500000,5,1,3,1.518794e-004
155,5.500000,1.500000,4.500000,5,1,4,1.561647e-004
156,5.500000,1.500000,5.500000,5,1,5,1.561647e-004
157,5.500000,1.500000,6.500000,5,1,6,1.518794e-004
158,5.500000,1.500000,7.500000,5,1,7,1.491989e-004
159,5.500000,1.500000,8.500000,5,1,8,1.276033e-004
160,5.500000,1.500000,9.500000,5,1,9,1.107712e-004
161,6.500000,1.500000,0.500000,6,1,0,1.117249e-004
162,6.500000,1.500000,1.500000,6,1,1,1.149193e-004
163,6.500000,1.500000,2.500000,6,1,2,1.370796e-004
164,6.500000,1.500000,3.500000,6,1,3,1.444379e-004
165,6.500000,1.500000,4.500000,6,1,4,1.518794e-004
166,6.500000,1.500000,5.500000,6,1,5,1.518794e-004
167,6.500000,1.500000,6.500000,6,1,6,1.444379e-004
168,6.500000,1.500000,7.500000,6,1,7,1.370796e-004
169,6.500000,1.500000,8.500000,6,1,8,1.149193e-004
170,6.500000,1.500000,9.500000,6,1,9,1.117249e-004
171,7.500000,1.500000,0.500000,7,1,0,1.160663e-004
172,7.500000,1.500000,1.500000,7,1,1,1.087546e-004
173,7.500000,1.500000,2.500000,7,1,2,1.263168e-004
174,7.500000,1.500000,3.500000,7,1,3,1.370796e-004
175,7.500000,1.500000,4.500000,7,1,4,1.491989e-004
176,7.500000,1.500000,5.500000,7,1,5,1.491989e-004
177,7.500000,1.500000,6.500000,7,1,6,1.370796e-004
178,7.500000,1.500000,7.500000,7,1,7,1.263168e-004
179,7.500000,1.500000,8.500000,7,1,8,1.087546e-004
180,7.500000,1.500000,9.500000,7,1,9,1.160663e-004
181,8.500000,1.500000,0.500000,8,1,0,1.248976e-004
182,8.500000,1.500000,1.500000,8,1,1,1.146209e-004
183,8.500000,1.500000,2.500000,8,1,2,1.087546e-004
184,8.500000,1.500000,3.500000,8,1,3,1.149193e-004
185,8.500000,1.500000,4.500000,8,1,4,1.276033e-004
186,8.500000,1.500000,5.500000,8,1,5,1.276033e-004
187,8.500000,1.500000,6.500000,8,1,6,1.149193e-004
188,8.500000,1.500000,7.500000,8,1,7,1.087546e-004
189,8.500000,1.500000,8.500000,8,1,8,1.146209e-004
190,8.500000,1.500000,9.500000,8,1,9,1.248976e-004
191,9.500000,1.500000,0.500000,9,1,0,1.333990e-004
192,9.500000,1.500000,1.500000,9,1,1,1.248976e-004
193,9.500000,1.500000,2.500000,9,1,2,1.160663e-004
194,9.500000,1.500000,3.500000,9,1,3,1.117249e-004
195,9.500000,1.500000,4.500000,9,1,4,1.107712e-004
196,9.500000,1.500000,5.500000,9,1,5,1.107712e-004
197,9.500000,1.500000,6.500000,9,1,6,1.117249e-004
198,9.500000,1.500000,7.500000,9,1,7,1.160663e-004
199,9.500000,1.500000,8.500000,9,1,8,1.248976e-004
200,9.500000,1.500000,9.500000,9,1,9,1.333990e-004
201,0.500000,2.500000,0.500000,0,2,0,1.179136e-004
202,0.500000,2.500000,1.500000,0,2,1,1.206352e-004
203,0.500000,2.500000,2.500000,0,2,2,1.208419e-004
204,0.500000,2.500000,3.500000,0,2,3,1.207531e-004
205,0.500000,2.500000,4.500000,0,2,4,1.208972e-004
206,0.500000,2.500000,5.500000,0,2,5,1.208972e-004
207,0.500000,2.500000,6.500000,0,2,6,1.207531e-004
208,0.500000,2.500000,7.500000,0,2,7,1.208419e-004
209,0.500000,2.500000,8.500000,0,2,8,1.206352e-004
210,0.500000,2.500000,9.500000,0,2,9,1.179136e-004
211,1.500000,2.500000,0.500000,1,2,0,1.206352e-004
212,1.500000,2.500000,1.500000,1,2,1,1.442079e-004
213,1.500000,2.500000,2.500000,1,2,2,1.658374e-004
214,1.500000,2.500000,3.500000,1,2,3,1.883864e-004
215,1.500000,2.500000,4.500000,1,2,4,2.070365e-004
216,1.500000,2.500000,5.500000,1,2,5,2.070365e-004
217,1.500000,2.500000,6.500000,1,2,6,1.883864e-004
218,1.500000,2.500000,7.500000,1,2,7,1.658374e-004
219,1.500000,2.500000,8.500000,1,2,8,1.442079e-004
220,1.500000,2.500000,9.500000,1,2,9,1.206352e-004
221,2.500000,2.500000,0.500000,2,2,0,1.208419e-004
222,2.500000,2.500000,1.500000,2,2,1,1.658374e-004
223,2.500000,2.500000,2.500000,2,2,2,2.536957e-004
224,2.500000,2.500000,3.500000,2,2,3,3.121503e-004
225,2.500000,2.500000,4.500000,2,2,4,3.373766e-004
226,2.500000,2.500000,5.500000,2,2,5,3.373766e-004
227,2.500000,2.500000,6.500000,2,2,6,3.121503e-004
228,2.500000,2.500000,7.500000,2,2,7,2.536957e-004
229,2.500000,2.500000,8.500000,2,2,8,1.658374e-004
230,2.500000,2.500000,9.500000,2,2,9,1.208419e-004
231,3.500000,2.500000,0.500000,3,2,0,1.207531e-004
232,3.500000,2.500000,1.500000,3,2,1,1.883864e-004
233,3.500000,2.500000,2.500000,3,2,2,3.121503e-004
234,3.500000,2.500000,3.500000,3,2,3,3.927032e-004
235,3.500000,2.500000,4.500000,3,2,4,4.260696e-004
236,3.500000,2.500000,5.500000,3,2,5,4.260696e-004
237,3.500000,2.500000,6.500000,3,2,6,3.927032e-004
238,3.500000,2.500000,7.500000,3,2,7,3.121503e-004
239,3.500000,2.500000,8.500000,3,2,8,1.883864e-004
240,3.500000,2.500000,9.500000,3,2,9,1.207531e-004
241,4.500000,2.500000,0.500000,4,2,0,1.208972e-004
242,4.500000,2.500000,1.500000,4,2,1,2.070365e-004
243,4.500000,2.500000,2.500000,4,2,2,3.373766e-004
244,4.500000,2.500000,3.500000,4,2,3,4.260696e-004
245,4.500000,2.500000,4.500000,4,2,4,4.650739e-004
246,4.500000,2.500000,5.500000,4,2,5,4.650739e-004
247,4.500000,2.500000,6.500000,4,2,6,4.260696e-004
248,4.500000,2.500000,7.500000,4,2,7,3.373766e-004
249,4.500000,2.500000,8.500000,4,2,8,2.070365e-004
250,4.500000,2.500000,9.500000,4,2,9,1.208972e-004
251,5.500000,2.500000,0.500000,5,2,0,1.208972e-004
252,5.500000,2.500000,1.500000,5,2,1,2.070365e-004
253,5.500000,2.500000,2.500000,5,2,2,3.373766e-004
254,5.500000,2.500000,3.500000,5,2,3,4.260696e-004
255,5.500000,2.500000,4.500000,5,2,4,4.650739e-004
256,5.500000,2.500000,5.500000,5,2,5,4.650739e-004
257,5.500000,2.500000,6.500000,5,2,6,4.260696e-004
258,5.500000,2.500000,7.500000,5,2,7,3.373766e-004
259,5.500000,2.500000,8.500000,5,2,8,2.070365e-004
260,5.500000,2.500000,9.500000,5,2,9,1.208972e-004
261,6.500000,2.500000,0.500000,6,2,0,1.207531e-004
262,6.500000,2.500000,1.500000,6,2,1,1.883864e-004
263,6.500000,2.500000,2.500000,6,2,2,3.121503e-004
264,6.500000,2.500000,3.500000,6,2,3,3.927032e-004
265,6.500000,2.500000,4.500000,6,2,4,4.260696e-004
266,6.500000,2.500000,5.500000,6,2,5,4.260696e-004
267,6.500000,2.500000,6.500000,6,2,6,3.927032e-004
268,6.500000,2.500000,7.500000,6,2,7,3.121503e-004
269,6.500000,2.500000,8.500000,6,2,8,1.883864e-004
270,6.500000,2.500000,9.500000,6,2,9,1.207531e-004
271,7.500000,2.500000,0.500000,7,2,0,1.208419e-004
272,7.500000,2.500000,1.500000,7,2,1,1.658374e-004
273,7.500000,2.500000,2.500000,7,2,2,2.536957e-004
274,7.500000,2.500000,3.500000,7,2,3,3.121503e-004
275,7.500000,2.500000,4.500000,7,2,4,3.373766e-004
276,7.500000,2.500000,5.500000,7,2,5,3.373766e-004
277,7.500000,2.500000,6.500000,7,2,6,3.121503e-004
278,7.500000,2.500000,7.500000,7,2,7,2.536957e-004
279,7.500000,2.500000,8.500000,7,2,8,1.658374e-004
280,7.500000,2.500000,9.500000,7,2,9,1.208419e-004
281,8.500000,2.500000,0.500000,8,2,0,1.206352e-004
282,8.500000,2.500000,1.500000,8,2,1,1.442079e-004
283,8.500000,2.500000,2.500000,8,2,2,1.658374e-004
284,8.500000,2.500000,3.500000,8,2,3,1.883864e-004
285,8.500000,2.500000,4.500000,8,2,4,2.070365e-004
286,8.500000,2.500000,5.500000,8,2,5,2.070365e-004
287,8.500000,2.500000,6.500000,8,2,6,1.883864e-004
288,8.500000,2.500000,7.500000,8,2,7,1.658374e-004
289,8.500000,2.500000,8.500000,8,2,8,1.442079e-004
290,8.500000,2.500000,9.500000,8,2,9,1.206352e-004
291,9.500000,2.500000,0.500000,9,2,0,1.179136e-004
292,9.500000,2.500000,1.500000,9,2,1,1.206352e-004
293,9.500000,2.500000,2.500000,9,2,2,1.208419e-004
294,9.500000,2.500000,3.500000,9,2,3,1.207531e-004
295,9.500000,2.500000,4.500000,9,2,4,1.208972e-004
296,9.500000,2.500000,5.500000,9,2,5,1.208972e-004
297,9.500000,2.500000,6.500000,9,2,6,1.207531e-004
298,9.500000,2.500000,7.500000,9,2,7,1.208419e-004
299,9.500000,2.500000,8.500000,9,2,8,1.206352e-004
300,9.500000,2.500000,9.500000,9,2,9,1.179136e-004
301,0.500000,3.500000,0.500000,0,3,0,1.109573e-004
302,0.500000,3.500000,1.500000,0,3,1,1.196320e-004
303,0.500000,3.500000,2.500000,0,3,2,1.291477e-004
304,0.500000,3.500000,3.500000,0,3,3,1.377479e-004
305,0.500000,3.500000,4.500000,0,3,4,1.414823e-004
306,0.500000,3.500000,5.500000,0,3,5,1.414823e-004
307,0.500000,3.500000,6.500000,0,3,6,1.377479e-004
308,0.500000,3.500000,7.500000,0,3,7,1.291477e-004
309,0.500000,3.500000,8.500000,0,3,8,1.196320e-004
310,0.500000,3.500000,9.500000,0,3,9,1.109573e-004
311,1.500000,3.500000,0.500000,1,3,0,1.196320e-004
312,1.500000,3.500000,1.500000,1,3,1,2.218671e-004
313,1.500000,3.500000,2.500000,1,3,2,2.704251e-004
314,1.500000,3.500000,3.500000,1,3,3,2.979866e-004
315,1.500000,3.500000,4.500000,1,3,4,3.211380e-004
316,1.500000,3.500000,5.500000,1,3,5,3.211380e-004
317,1.500000,3.500000,6.500000,1,3,6,2.979866e-004
318,1.500000,3.500000,7.500000,1,3,7,2.704251e-004
319,1.500000,3.500000,8.500000,1,3,8,2.218671e-004
320,1.500000,3.500000,9.500000,1,3,9,1.196320e-004
321,2.500000,3.500000,0.500000,2,3,0,1.291477e-004
322,2.500000,3.500000,1.500000,2,3,1,2.704251e-004
323,2.500000,3.500000,2.500000,2,3,2,4.104709e-004
324,2.500000,3.500000,3.500000,2,3,3,4.921934e-004
325,2.500000,3.500000,4.500000,2,3,4,5.360597e-004
326,2.500000,3.500000,5.500000,2,3,5,5.360597e-004
327,2.500000,3.500000,6.500000,2,3,6,4.921934e-004
328,2.500000,3.500000,7.500000,2,3,7,4.104709e-004
329,2.500000,3.500000,8.500000,2,3,8,2.704251e-004
330,2.500000,3.500000,9.500000,2,3,9,1.291477e-004
331,3.500000,3.500000,0.500000,3,3,0,1.377479e-004
332,3.500000,3.500000,1.500000,3,3,1,2.979866e-004
333,3.500000,3.500000,2.500000,3,3,2,4.921934e-004
334,3.500000,3.500000,3.500000,3,3,3,5.871129e-004
335,3.500000,3.500000,4.500000,3,3,4,6.457526e-004
336,3.500000,3.500000,5.500000,3,3,5,6.457526e-004
337,3.500000,3.500000,6.500000,3,3,6,5.871129e-004
338,3.500000,3.500000,7.500000,3,3,7,4.921934e-004
339,3.500000,3.500000,8.500000,3,3,8,2.979866e-004
340,3.500000,3.500000,9.500000,3,3,9,1.377479e-004
341,4.500000,3.500000,0.500000,4,3,0,1.414823e-004
342,4.500000,3.500000,1.500000,4,3,1,3.211380e-004
343,4.500000,3.500000,2.500000,4,3,2,5.360597e-004
344,4.500000,3.500000,3.500000,4,3,3,6.457526e-004
345,4.500000,3.500000,4.500000,4,3,4,7.166627e-004
346,4.500000,3.500000,5.500000,4,3,5,7.166627e-004
347,4.500000,3.500000,6.500000,4,3,6,6.457526e-004
348,4.500000,3.500000,7.500000,4,3,7,5.360597e-004
349,4.500000,3.500000,8.500000,4,3,8,3.211380e-004
350,4.500000,3.500000,9.500000,4,3,9,1.414823e-004
351,5.500000,3.500000,0.500000,5,3,0,1.414823e-004
352,5.500000,3.500000,1.500000,5,3,1,3.211380e-004
353,5.500000,3.500000,2.500000,5,3,2,5.360597e-004
354,5.500000,3.500000,3.500000,5,3,3,6.457526e-004
355,5.500000,3.500000,4.500000,5,3,4,7.166627e-004
356,5.500000,3.500000,5.500000,5,3,5,7.166627e-004
357,5.500000,3.500000,6.500000,5,3,6,6.457526e-004
358,5.500000,3.500000,7.500000,5,3,7,5.360597e-004
359,5.500000,3.500000,8.500000,5,3,8,3.211380e-004
360,5.500000,3.500000,9.500000,5,3,9,1.414823e-004
361,6.500000,3.500000,0.500000,6,3,0,1.377479e-004
362,6.500000,3.500000,1.500000,6,3,1,2.979866e-004
363,6.500000,3.500000,2.500000,6,3,2,4.921934e-004
364,6.500000,3.500000,3.500000,6,3,3,5.871129e-004
365,6.500000,3.500000,4.500000,6,3,4,6.457526e-004
366,6.500000,3.500000,5.500000,6,3,5,6.457526e-004
367,6.500000,3.500000,6.500000,6,3,6,5.871129e-004
368,6.500000,3.500000,7.500000,6,3,7,4.921934e-004
369,6.500000,3.500000,8.500000,6,3,8,2.979866e-004
370,6.500000,3.500000,9.500000,6,3,9,1.377479e-004
371,7.500000,3.500000,0.500000,7,3,0,1.291477e-004
372,7.500000,3.500000,1.500000,7,3,1,2.704251e-004
373,7.500000,3.500000,2.500000,7,3,2,4.104709e-004
374,7.500000,3.500000,3.500000,7,3,3,4.921934e-004
375,7.500000,3.500000,4.500000,7,3,4,5.360597e-004
376,7.500000,3.500000,5.500000,7,3,5,5.360597e-004
377,7.500000,3.500000,6.500000,7,3,6,4.921934e-004
378,7.500000,3.500000,7.500000,7,3,7,4.104709e-004
379,7.500000,3.500000,8.500000,7,3,8,2.704251e-004
380,7.500000,3.500000,9.500000,7,3,9,1.291477e-004
381,8.500000,3.500000,0.500000,8,3,0,1.196320e-004
382,8.500000,3.500000,1.500000,8,3,1,2.218671e-004
383,8.500000,3.500000,2.500000,8,3,2,2.704251e-004
384,8.500000,3.500000,3.500000,8,3,3,2.979866e-004
385,8.500000,3.500000,4.500000,8,3,4,3.211380e-004
386,8.500000,3.500000,5.500000,8,3,5,3.211380e-004
387,8.500000,3.500000,6.500000,8,3,6,2.979866e-004
388,8.500000,3.500000,7.500000,8,3,7,2.704251e-004
389,8.500000,3.500000,8.500000,8,3,8,2.218671e-004
390,8.500000,3.500000,9.500000,8,3,9,1.196320e-004
391,9.500000,3.500000,0.500000,9,3,0,1.109573e-004
392,9.500000,3.500000,1.500000,9,3,1,1.196320e-004
393,9.500000,3.500000,2.500000,9,3,2,1.291477e-004
394,9.500000,3.500000,3.500000,9,3,3,1.377479e-004
395,9.500000,3.500000,4.500000,9,3,4,1.414823e-004
396,9.500000,3.500000,5.500000,9,3,5,1.414823e-004
397,9.500000,3.500000,6.500000,9,3,6,1.377479e-004
398,9.500000,3.500000,7.500000,9,3,7,1.291477e-004
399,9.500000,3.500000,8.500000,9,3,8,1.196320e-004
400,9.500000,3.500000,9.500000,9,3,9,1.109573e-004
401,0.500000,4.500000,0.500000,0,4,0,9.881597e-005
402,0.500000,4.500000,1.500000,0,4,1,1.204484e-004
403,0.500000,4.500000,2.500000,0,4,2,1.408769e-004
404,0.500000,4.500000,3.500000,0,4,3,1.568615e-004
405,0.500000,4.500000,4.500000,0,4,4,1.642319e-004
406,0.500000,4.500000,5.500000,0,4,5,1.642319e-004
407,0.500000,4.500000,6.500000,0,4,6,1.568615e-004
408,0.500000,4.500000,7.500000,0,4,7,1.408769e-004
409,0.500000,4.500000,8.500000,0,4,8,1.204484e-004
410,0.500000,4.500000,9.500000,0,4,9,9.881597e-005
411,1.500000,4.500000,0.500000,1,4,0,1.204484e-004
412,1.500000,4.500000,1.500000,1,4,1,3.477943e-004
413,1.500000,4.500000,2.500000,1,4,2,4.289843e-004
414,1.500000,4.500000,3.500000,1,4,3,4.678599e-004
415,1.500000,4.500000,4.500000,1,4,4,5.012132e-004
416,1.500000,4.500000,5.500000,1,4,5,5.012132e-004
417,1.500000,4.500000,6.500000,1,4,6,4.678599e-004
418,1.500000,4.500000,7.500000,1,4,7,4.289843e-004
419,1.500000,4.500000,8.500000,1,4,8,3.477943e-004
420,1.500000,4.500000,9.500000,1,4,9,1.204484e-004
421,2.500000,4.500000,0.500000,2,4,0,1.408769e-004
422,2.500000,4.500000,1.500000,2,4,1,4.289843e-004
423,2.500000,4.500000,2.500000,2,4,2,6.378338e-004
424,2.500000,4.500000,3.500000,2,4,3,7.546135e-004
425,2.500000,4.500000,4.500000,2,4,4,8.204193e-004
426,2.500000,4.500000,5.500000,2,4,5,8.204193e-004
427,2.500000,4.500000,6.500000,2,4,6,7.546135e-004
428,2.500000,4.500000,7.500000,2,4,7,6.378338e-004
429,2.500000,4.500000,8.500000,2,4,8,4.289843e-004
430,2.500000,4.500000,9.500000,2,4,9,1.408769e-004
431,3.500000,4.500000,0.500000,3,4,0,1.568615e-004
432,3.500000,4.500000,1.500000,3,4,1,4.678599e-004
433,3.500000,4.500000,2.500000,3,4,2,7.546135e-004
434,3.500000,4.500000,3.500000,3,4,3,8.566147e-004
435,3.500000,4.500000,4.500000,3,4,4,9.241205e-004
436,3.500000,4.500000,5.500000,3,4,5,9.241205e-004
437,3.500000,4.500000,6.500000,3,4,6,8.566147e-004
438,3.500000,4.500000,7.500000,3,4,7,7.546135e-004
439,3.500000,4.500000,8.500000,3,4,8,4.678599e-004
440,3.500000,4.500000,9.500000,3,4,9,1.568615e-004
441,4.500000,4.500000,0.500000,4,4,0,1.642319e-004
442,4.500000,4.500000,1.500000,4,4,1,5.012132e-004
443,4.500000,4.500000,2.500000,4,4,2,8.204193e-004
444,4.500000,4.500000,3.500000,4,4,3,9.241205e-004
445,4.500000,4.500000,4.500000,4,4,4,9.957397e-004
446,4.500000,4.500000,5.500000,4,4,5,9.957397e-004
447,4.500000,4.500000,6.500000,4,4,6,9.241205e-004
448,4.500000,4.500000,7.500000,4,4,7,8.204193e-004
449,4.500000,4.500000,8.500000,4,4,8,5.012132e-004
450,4.500000,4.500000,9.500000,4,4,9,1.642319e-004
451,5.500000,4.500000,0.500000,5,4,0,1.642319e-004
452,5.500000,4.500000,1.500000,5,4,1,5.012132e-004
453,5.500000,4.500000,2.500000,5,4,2,8.204193e-004
454,5.500000,4.500000,3.500000,5,4,3,9.241205e-004
455,5.500000,4.500000,4.500000,5,4,4,9.957397e-004
456,5.500000,4.500000,5.500000,5,4,5,9.957397e-004
457,5.500000,4.500000,6.500000,5,4,6,9.241205e-004
458,5.500000,4.500000,7.500000,5,4,7,8.204193e-004
459,5.500000,4.500000,8.500000,5,4,8,5.012132e-004
460,5.500000,4.500000,9.500000,5,4,9,1.642319e-004
461,6.500000,4.500000,0.500000,6,4,0,1.568615e-004
462,6.500000,4.500000,1.500000,6,4,1,4.678599e-004
463,6.500000,4.500000,2.500000,6,4,2,7.546135e-004
464,6.500000,4.500000,3.500000,6,4,3,8.566147e-004
465,6.500000,4.500000,4.500000,6,4,4,9.241205e-004
466,6.500000,4.500000,5.500000,6,4,5,9.241205e-004
467,6.500000,4.500000,6.500000,6,4,6,8.566147e-004
468,6.500000,4.500000,7.500000,6,4,7,7.546135e-004
469,6.500000,4.500000,8.500000,6,4,8,4.678599e-004
470,6.500000,4.500000,9.500000,6,4,9,1.568615e-004
471,7.500000,4.500000,0.500000,7,4,0,1.408769e-004
472,7.500000,4.500000,1.500000,7,4,1,4.289843e-004
473,7.500000,4.500000,2.500000,7,4,2,6.378338e-004
474,7.500000,4.500000,3.500000,7,4,3,7.546135e-004
475,7.500000,4.500000,4.500000,7,4,4,8.204193e-004
476,7.500000,4.500000,5.500000,7,4,5,8.204193e-004
477,7.500000,4.500000,6.500000,7,4,6,7.546135e-004
478,7.500000,4.500000,7.500000,7,4,7,6.378338e-004
479,7.500000,4.500000,8.500000,7,4,8,4.289843e-004
480,7.500000,4.500000,9.500000,7,4,9,1.408769e-004
481,8.500000,4.500000,0.500000,8,4,0,1.204484e-004
482,8.500000,4.500000,1.500000,8,4,1,3.477943e-004
483,8.500000,4.500000,2.500000,8,4,2,4.289843e-004
484,8.500000,4.500000,3.500000,8,4,3,4.678599e-004
485,8.500000,4.500000,4.500000,8,4,4,5.012132e-004
486,8.500000,4.500000,5.500000,8,4,5,5.012132e-004
487,8.500000,4.500000,6.500000,8,4,6,4.678599e-004
488,8.500000,4.500000,7.500000,8,4,7,4.289843e-004
489,8.500000,4.500000,8.500000,8,4,8,3.477943e-004
490,8.500000,4.500000,9.500000,8,4,9,1.204484e-004
491,9.500000,4.500000,0.500000,9,4,0,9.881597e-005
492,9.500000,4.500000,1.500000,9,4,1,1.204484e-004
493,9.500000,4.500000,2.500000,9,4,2,1.408769e-004
494,9.500000,4.500000,3.500000,9,4,3,1.568615e-004
495,9.500000,4.500000,4.500000,9,4,4,1.642319e-004
496,9.500000,4.500000,5.500000,9,4,5,1.642319e-004
497,9.500000,4.500000,6.500000,9,4,6,1.568615e-004
498,9.500000,4.500000,7.500000,9,4,7,1.408769e-004
499,9.500000,4.500000,8.500000,9,4,8,1.204484e-004
500,9.500000,4.500000,9.500000,9,4,9,9.881597e-005
501,0.500000,5.500000,0.500000,0,5,0,8.094081e-005
502,0.500000,5.500000,1.500000,0,5,1,1.278222e-004
503,0.500000,5.500000,2.500000,0,5,2,1.601425e-004
504,0.500000,5.500000,3.500000,0,5,3,1.805593e-004
505,0.500000,5.500000,4.500000,0,5,4,1.897238e-004
506,0.500000,5.500000,5.500000,0,5,5,1.897238e-004
507,0.500000,5.500000,6.500000,0,5,6,1.805593e-004
508,0.500000,5.500000,7.500000,0,5,7,1.601425e-004
509,0.500000,5.500000,8.500000,0,5,8,1.278222e-004
510,0.500000,5.500000,9.500000,0,5,9,8.094081e-005
511,1.500000,5.500000,0.500000,1,5,0,1.278222e-004
512,1.500000,5.500000,1.500000,1,5,1,5.175433e-004
513,1.500000,5.500000,2.500000,1,5,2,6.431624e-004
514,1.500000,5.500000,3.500000,1,5,3,7.017971e-004
515,1.500000,5.500000,4.500000,1,5,4,7.435054e-004
516,1.500000,5.500000,5.500000,1,5,5,7.435054e-004
517,1.500000,5.500000,6.500000,1,5,6,7.017971e-004
518,1.500000,5.500000,7.500000,1,5,7,6.431624e-004
519,1.500000,5.500000,8.500000,1,5,8,5.175433e-004
520,1.500000,5.500000,9.500000,1,5,9,1.278222e-004
521,2.500000,5.500000,0.500000,2,5,0,1.601425e-004
522,2.500000,5.500000,1.500000,2,5,1,6.431624e-004
523,2.500000,5.500000,2.500000,2,5,2,9.335965e-004
524,2.500000,5.500000,3.500000,2,5,3,1.086404e-003
525,2.500000,5.500000,4.500000,2,5,4,1.169550e-003
526,2.500000,5.500000,5.500000,2,5,5,1.169550e-003
527,2.500000,5.500000,6.500000,2,5,6,1.086404e-003
528,2.500000,5.500000,7.500000,2,5,7,9.335965e-004
529,2.500000,5.500000,8.500000,2,5,8,6.431624e-004
530,2.500000,5.500000,9.500000,2,5,9,1.601425e-004
531,3.500000,5.500000,0.500000,3,5,0,1.805593e-004
532,3.500000,5.500000,1.500000,3,5,1,7.017971e-004
533,3.500000,5.500000,2.500000,3,5,2,1.086404e-003
534,3.500000,5.500000,3.500000,3,5,3,1.176393e-003
535,3.500000,5.500000,4.500000,3,5,4,1.238504e-003
536,3.500000,5.500000,5.500000,3,5,5,1.238504e-003
537,3.500000,5.500000,6.500000,3,5,6,1.176393e-003
538,3.500000,5.500000,7.500000,3,5,7,1.086404e-003
539,3.500000,5.500000,8.500000,3,5,8,7.017971e-004
540,3.500000,5.500000,9.500000,3,5,9,1.805593e-004
541,4.500000,5.500000,0.500000,4,5,0,1.897238e-004
542,4.500000,5.500000,1.500000,4,5,1,7.435054e-004
543,4.500000,5.500000,2.500000,4,5,2,1.169550e-003
544,4.500000,5.500000,3.500000,4,5,3,1.238504e-003
545,4.500000,5.500000,4.500000,4,5,4,1.282177e-003
546,4.500000,5.500000,5.500000,4,5,5,1.282177e-003
547,4.500000,5.500000,6.500000,4,5,6,1.238504e-003
548,4.500000,5.500000,7.500000,4,5,7,1.169550e-003
549,4.500000,5.500000,8.500000,4,5,8,7.435054e-004
550,4.500000,5.500000,9.500000,4,5,9,1.897238e-004
551,5.500000,5.500000,0.500000,5,5,0,1.897238e-004
552,5.500000,5.500000,1.500000,5,5,1,7.435054e-004
553,5.500000,5.500000,2.500000,5,5,2,1.169550e-003
554,5.500000,5.500000,3.500000,5,5,3,1.238504e-003
555,5.500000,5.500000,4.500000,5,5,4,1.282177e-003
556,5.500000,5.500000,5.500000,5,5,5,1.282177e-003
557,5.500000,5.500000,6.500000,5,5,6,1.238504e-003
558,5.500000,5.500000,7.500000,5,5,7,1.169550e-003
559,5.500000,5.500000,8.500000,5,5,8,7.435054e-004
560,5.500000,5.500000,9.500000,5,5,9,1.897238e-004
561,6.500000,5.500000,0.500000,6,5,0,1.805593e-004
562,6.500000,5.500000,1.500000,6,5,1,7.017971e-004
563,6.500000,5.500000,2.500000,6,5,2,1.086404e-003
564,6.500000,5.500000,3.500000,6,5,3,1.176393e-003
565,6.500000,5.500000,4.500000,6,5,4,1.238504e-003
566,6.500000,5.500000,5.500000,6,5,5,1.238504e-003
567,6.500000,5.500000,6.500000,6,5,6,1.176393e-003
568,6.500000,5.500000,7.500000,6,5,7,1.086404e-003
569,6.500000,5.500000,8.500000,6,5,8,7.017971e-004
570,6.500000,5.500000,9.500000,6,5,9,1.805593e-004
571,7.500000,5.500000,0.500000,7,5,0,1.601425e-004
572,7.500000,5.500000,1.500000,7,5,1,6.431624e-004
573,7.500000,5.500000,2.500000,7,5,2,9.335965e-004
574,7.500000,5.500000,3.500000,7,5,3,1.086404e-003
575,7.500000,5.500000,4.500000,7,5,4,1.169550e-003
576,7.500000,5.500000,5.500000,7,5,5,1.169550e-003
577,7.500000,5.500000,6.500000,7,5,6,1.086404e-003
578,7.500000,5.500000,7.500000,7,5,7,9.335965e-004
579,7.500000,5.500000,8.500000,7,5,8,6.431624e-004
580,7.500000,5.500000,9.500000,7,5,9,1.601425e-004
581,8.500000,5.500000,0.500000,8,5,0,1.278222e-004
582,8.500000,5.500000,1.500000,8,5,1,5.175433e-004
583,8.500000,5.500000,2.500000,8,5,2,6.431624e-004
584,8.500000,5.500000,3.500000,8,5,3,7.017971e-004
585,8.500000,5.500000,4.500000,8,5,4,7.435054e-004
586,8.500000,5.500000,5.500000,8,5,5,7.435054e-004
587,8.500000,5.500000,6.500000,8,5,6,7.017971e-004
588,8.500000,5.500000,7.500000,8,5,7,6.431624e-004
589,8.500000,5.500000,8.500000,8,5,8,5.175433e-004
590,8.500000,5.500000,9.500000,8,5,9,1.278222e-004
591,9.500000,5.500000,0.500000,9,5,0,8.094081e-005
592,9.500000,5.500000,1.500000,9,5,1,1.278222e-004
593,9.500000,5.500000,2.500000,9,5,2,1.601425e-004
594,9.500000,5.500000,3.500000,9,5,3,1.805593e-004
595,9.500000,5.500000,4.500000,9,5,4,1.897238e-004
596,9.500000,5.500000,5.500000,9,5,5,1.897238e-004
597,9.500000,5.500000,6.500000,9,5,6,1.805593e-004
598,9.500000,5.500000,7.500000,9,5,7,1.601425e-004
599,9.500000,5.500000,8.500000,9,5,8,1.278222e-004
600,9.500000,5.500000,9.500000,9,5,9,8.094081e-005
601,0.500000,6.500000,0.500000,0,6,0,6.069087e-005
602,0.500000,6.500000,1.500000,0,6,1,1.433890e-004
603,0.500000,6.500000,2.500000,0,6,2,1.807184e-004
604,0.500000,6.500000,3.500000,0,6,3,1.995361e-004
605,0.500000,6.500000,4.500000,0,6,4,2.085368e-004
606,0.500000,6.500000,5.500000,0,6,5,2.085368e-004
607,0.500000,6.500000,6.500000,0,6,6,1.995361e-004
608,0.500000,6.500000,7.500000,0,6,7,1.807184e-004
609,0.500000,6.500000,8.500000,0,6,8,1.433890e-004
610,0.500000,6.500000,9.500000,0,6,9,6.069087e-005
611,1.500000,6.500000,0.500000,1,6,0,1.433890e-004
612,1.500000,6.500000,1.500000,1,6,1,7.217190e-004
613,1.500000,6.500000,2.500000,1,6,2,9.061535e-004
614,1.500000,6.500000,3.500000,1,6,3,9.727793e-004
615,1.500000,6.500000,4.500000,1,6,4,1.017840e-003
616,1.500000,6.500000,5.500000,1,6,5,1.017840e-003
617,1.500000,6.500000,6.500000,1,6,6,9.727793e-004
618,1.500000,6.500000,7.500000,1,6,7,9.061535e-004
619,1.500000,6.500000,8.500000,1,6,8,7.217190e-004
620,1.500000,6.500000,9.500000,1,6,9,1.433890e-004
621,2.500000,6.500000,0.500000,2,6,0,1.807184e-004
622,2.500000,6.500000,1.500000,2,6,1,9.061535e-004
623,2.500000,6.500000,2.500000,2,6,2,1.340623e-003
624,2.500000,6.500000,3.500000,2,6,3,1.530013e-003
625,2.500000,6.500000,4.500000,2,6,4,1.566909e-003
626,2.500000,6.500000,5.500000,2,6,5,1.566909e-003
627,2.500000,6.500000,6.500000,2,6,6,1.530013e-003
628,2.500000,6.500000,7.500000,2,6,7,1.340623e-003
629,2.500000,6.500000,8.500000,2,6,8,9.061535e-004
630,2.500000,6.500000,9.500000,2,6,9,1.807184e-004
631,3.500000,6.500000,0.500000,3,6,0,1.995361e-004
632,3.500000,6.500000,1.500000,3,6,1,9.727793e-004
633,3.500000,6.500000,2.500000,3,6,2,1.530013e-003
634,3.500000,6.500000,3.500000,3,6,3,1.594285e-003
635,3.500000,6.500000,4.500000,3,6,4,1.491822e-003
636,3.500000,6.500000,5.500000,3,6,5,1.491822e-003
637,3.500000,6.500000,6.500000,3,6,6,1.594285e-003
638,3.500000,6.500000,7.500000,3,6,7,1.530013e-003
639,3.500000,6.500000,8.500000,3,6,8,9.727793e-004
640,3.500000,6.500000,9.500000,3,6,9,1.995361e-004
641,4.500000,6.500000,0.500000,4,6,0,2.085368e-004
642,4.500000,6.500000,1.500000,4,6,1,1.017840e-003
643,4.500000,6.500000,2.500000,4,6,2,1.566909e-003
644,4.500000,6.500000,3.500000,4,6,3,1.491822e-003
645,4.500000,6.500000,4.500000,4,6,4,1.315303e-003
646,4.500000,6.500000,5.500000,4,6,5,1.315303e-003
647,4.500000,6.500000,6.500000,4,6,6,1.491822e-003
648,4.500000,6.500000,7.500000,4,6,7,1.566909e-003
649,4.500000,6.500000,8.500000,4,6,8,1.017840e-003
650,4.500000,6.500000,9.500000,4,6,9,2.085368e-004
651,5.500000,6.500000,0.500000,5,6,0,2.085368e-004
652,5.500000,6.500000,1.500000,5,6,1,1.017840e-003
653,5.500000,6.500000,2.500000,5,6,2,1.566909e-003
654,5.500000,6.500000,3.500000,5,6,3,1.491822e-003
655,5.500000,6.500000,4.500000,5,6,4,1.315303e-003
656,5.500000,6.500000,5.500000,5,6,5,1.315303e-003
657,5.500000,6.500000,6.500000,5,6,6,1.491822e-003
658,5.500000,6.500000,7.500000,5,6,7,1.566909e-003
659,5.500000,6.500000,8.500000,5,6,8,1.017840e-003
660,5.500000,6.500000,9.500000,5,6,9,2.085368e-004
661,6.500000,6.500000,0.500000,6,6,0,1.995361e-004
662,6.500000,6.500000,1.500000,6,6,1,9.727793e-004
663,6.500000,6.500000,2.500000,6,6,2,1.530013e-003
664,6.500000,6.500000,3.500000,6,6,3,1.594285e-003
665,6.500000,6.500000,4.500000,6,6,4,1.491822e-003
666,6.500000,6.500000,5.500000,6,6,5,1.491822e-003
667,6.500000,6.500000,6.500000,6,6,6,1.594285e-003
668,6.500000,6.500000,7.500000,6,6,7,1.530013e-003
669,6.500000,6.500000,8.500000,6,6,8,9.727793e-004
670,6.500000,6.500000,9.500000,6,6,9,1.995361e-004
671,7.500000,6.500000,0.500000,7,6,0,1.807184e-004
672,7.500000,6.500000,1.500000,7,6,1,9.061535e-004
673,7.500000,6.500000,2.500000,7,6,2,1.340623e-003
674,7.500000,6.500000,3.500000,7,6,3,1.530013e-003
675,7.500000,6.500000,4.500000,7,6,4,1.566909e-003
676,7.500000,6.500000,5.500000,7,6,5,1.566909e-003
677,7.500000,6.500000,6.500000,7,6,6,1.530013e-003
678,7.500000,6.500000,7.500000,7,6,7,1.340623e-003
679,7.500000,6.500000,8.500000,7,6,8,9.061535e-004
680,7.500000,6.500000,9.500000,7,6,9,1.807184e-004
681,8.500000,6.500000,0.500000,8,6,0,1.433890e-004
682,8.500000,6.500000,1.500000,8,6,1,7.217190e-004
683,8.500000,6.500000,2.500000,8,6,2,9.061535e-004
684,8.500000,6.500000,3.500000,8,6,3,9.727793e-004
685,8.500000,6.500000,4.500000,8,6,4,1.017840e-003
686,8.500000,6.500000,5.500000,8,6,5,1.017840e-003
687,8.500000,6.500000,6.500000,8,6,6,9.727793e-004
688,8.500000,6.500000,7.500000,8,6,7,9.061535e-004
689,8.500000,6.500000,8.500000,8,6,8,7.217190e-004
690,8.500000,6.500000,9.500000,8,6,9,1.433890e-004
691,9.500000,6.500000,0.500000,9,6,0,6.069087e-005
692,9.500000,6.500000,1.500000,9,6,1,1.433890e-004
693,9.500000,6.500000,2.500000,9,6,2,1.807184e-004
694,9.500000,6.500000,3.500000,9,6,3,1.995361e-004
695,9.500000,6.500000,4.500000,9,6,4,2.085368e-004
696,9.500000,6.500000,5.500000,9,6,5,2.085368e-004
697,9.500000,6.500000,6.500000,9,6,6,1.995361e-004
698,9.500000,6.500000,7.500000,9,6,7,1.807184e-004
699,9.500000,6.500000,8.500000,9,6,8,1.433890e-004
700,9.500000,6.500000,9.500000,9,6,9,6.069087e-005
701,0.500000,7.500000,0.500000,0,7,0,5.772080e-005
702,0.500000,7.500000,1.500000,0,7,1,1.664514e-004
703,0.500000,7.500000,2.500000,0,7,2,1.986895e-004
704,0.500000,7.500000,3.500000,0,7,3,2.206898e-004
705,0.500000,7.500000,4.500000,0,7,4,2.300749e-004
706,0.500000,7.500000,5.500000,0,7,5,2.300749e-004
707,0.500000,7.500000,6.500000,0,7,6,2.206898e-004
708,0.500000,7.500000,7.500000,0,7,7,1.986895e-004
709,0.500000,7.500000,8.500000,0,7,8,1.664514e-004
710,0.500000,7.500000,9.500000,0,7,9,5.772080e-005
711,1.500000,7.500000,0.500000,1,7,0,1.664514e-004
712,1.500000,7.500000,1.500000,1,7,1,9.141554e-004
713,1.500000,7.500000,2.500000,1,7,2,1.104270e-003
714,1.500000,7.500000,3.500000,1,7,3,1.187946e-003
715,1.500000,7.500000,4.500000,1,7,4,1.262033e-003
716,1.500000,7.500000,5.500000,1,7,5,1.262033e-003
717,1.500000,7.500000,6.500000,1,7,6,1.187946e-003
718,1.500000,7.500000,7.500000,1,7,7,1.104270e-003
719,1.500000,7.500000,8.500000,1,7,8,9.141554e-004
720,1.500000,7.500000,9.500000,1,7,9,1.664514e-004
721,2.500000,7.500000,0.500000,2,7,0,1.986895e-004
722,2.500000,7.500000,1.500000,2,7,1,1.104270e-003
723,2.500000,7.500000,2.500000,2,7,2,1.741113e-003
724,2.500000,7.500000,3.500000,2,7,3,1.977217e-003
725,2.500000,7.500000,4.500000,2,7,4,1.876309e-003
726,2.500000,7.500000,5.500000,2,7,5,1.876309e-003
727,2.500000,7.500000,6.500000,2,7,6,1.977217e-003
728,2.500000,7.500000,7.500000,2,7,7,1.741113e-003
729,2.500000,7.500000,8.500000,2,7,8,1.104270e-003
730,2.500000,7.500000,9.500000,2,7,9,1.986895e-004
731,3.500000,7.500000,0.500000,3,7,0,2.206898e-004
732,3.500000,7.500000,1.500000,3,7,1,1.187946e-003
733,3.500000,7.500000,2.500000,3,7,2,1.977217e-003
734,3.500000,7.500000,3.500000,3,7,3,1.693954e-003
735,3.500000,7.500000,4.500000,3,7,4,1.350692e-003
736,3.500000,7.500000,5.500000,3,7,5,1.350692e-003
737,3.500000,7.500000,6.500000,3,7,6,1.693954e-003
738,3.500000,7.500000,7.500000,3,7,7,1.977217e-003
739,3.500000,7.500000,8.500000,3,7,8,1.187946e-003
740,3.500000,7.500000,9.500000,3,7,9,2.206898e-004
741,4.500000,7.500000,0.500000,4,7,0,2.300749e-004
742,4.500000,7.500000,1.500000,4,7,1,1.262033e-003
743,4.500000,7.500000,2.500000,4,7,2,1.876309e-003
744,4.500000,7.500000,3.500000,4,7,3,1.350692e-003
745,4.500000,7.500000,4.500000,4,7,4,9.580767e-004
746,4.500000,7.500000,5.500000,4,7,5,9.580767e-004
747,4.500000,7.500000,6.500000,4,7,6,1.350692e-003
748,4.500000,7.500000,7.500000,4,7,7,1.876309e-003
749,4.500000,7.500000,8.500000,4,7,8,1.262033e-003
750,4.500000,7.500000,9.500000,4,7,9,2.300749e-004
751,5.500000,7.500000,0.500000,5,7,0,2.300749e-004
752,5.500000,7.500000,1.500000,5,7,1,1.262033e-003
753,5.500000,7.500000,2.500000,5,7,2,1.876309e-003
754,5.500000,7.500000,3.500000,5,7,3,1.350692e-003
755,5.500000,7.500000,4.500000,5,7,4,9.580767e-004
756,5.500000,7.500000,5.500000,5,7,5,9.580767e-004
757,5.500000,7.500000,6.500000,5,7,6,1.350692e-003
758,5.500000,7.500000,7.500000,5,7,7,1.876309e-003
759,5.500000,7.500000,8.500000,5,7,8,1.262033e-003
760,5.500000,7.500000,9.500000,5,7,9,2.300749e-004
761,6.500000,7.500000,0.500000,6,7,0,2.206898e-004
762,6.500000,7.500000,1.500000,6,7,1,1.187946e-003
763,6.500000,7.500000,2.500000,6,7,2,1.977217e-003
764,6.500000,7.500000,3.500000,6,7,3,1.693954e-003
765,6.500000,7.500000,4.500000,6,7,4,1.350692e-003
766,6.500000,7.500000,5.500000,6,7,5,1.350692e-003
767,6.500000,7.500000,6.500000,6,7,6,1.693954e-003
768,6.500000,7.500000,7.500000,6,7,7,1.977217e-003
769,6.500000,7.500000,8.500000,6,7,8,1.187946e-003
770,6.500000,7.500000,9.500000,6,7,9,2.206898e-004
771,7.500000,7.500000,0.500000,7,7,0,1.986895e-004
772,7.500000,7.500000,1.500000,7,7,1,1.104270e-003
773,7.500000,7.500000,2.500000,7,7,2,1.741113e-003
774,7.500000,7.500000,3.500000,7,7,3,1.977217e-003
775,7.500000,7.500000,4.500000,7,7,4,1.876309e-003
776,7.500000,7.500000,5.500000,7,7,5,1.876309e-003
777,7.500000,7.500000,6.500000,7,7,6,1.977217e-003
778,7.500000,7.500000,7.500000,7,7,7,1.741113e-003
779,7.500000,7.500000,8.500000,7,7,8,1.104270e-003
780,7.500000,7.500000,9.500000,7,7,9,1.986895e-004
781,8.500000,7.500000,0.500000,8,7,0,1.664514e-004
782,8.500000,7.500000,1.500000,8,7,1,9.141554e-004
783,8.500000,7.500000,2.500000,8,7,2,1.104270e-003
784,8.500000,7.500000,3.500000,8,7,3,1.187946e-003
785,8.500000,7.500000,4.500000,8,7,4,1.262033e-003
786,8.500000,7.500000,5.500000,8,7,5,1.262033e-003
787,8.500000,7.500000,6.500000,8,7,6,1.187946e-003
788,8.500000,7.500000,7.500000,8,7,7,1.104270e-003
789,8.500000,7.500000,8.500000,8,7,8,9.141554e-004
790,8.500000,7.500000,9.500000,8,7,9,1.664514e-004
791,9.500000,7.500000,0.500000,9,7,0,5.772080e-005
792,9.500000,7.500000,1.500000,9,7,1,1.664514e-004
793,9.500000,7.500000,2.500000,9,7,2,1.986895e-004
794,9.500000,7.500000,3.500000,9,7,3,2.206898e-004
795,9.500000,7.500000,4.500000,9,7,4,2.300749e-004
796,9.500000,7.500000,5.500000,9,7,5,2.300749e-004
797,9.500000,7.500000,6.500000,9,7,6,2.206898e-004
798,9.500000,7.500000,7.500000,9,7,7,1.986895e-004
799,9.500000,7.500000,8.500000,9,7,8,1.664514e-004
800,9.500000,7.500000,9.500000,9,7,9,5.772080e-005
801,0.500000,8.500000,0.500000,0,8,0,6.927009e-005
802,0.500000,8.500000,1.500000,0,8,1,1.691079e-004
803,0.500000,8.500000,2.500000,0,8,2,1.908764e-004
804,0.500000,8.500000,3.500000,0,8,3,1.912899e-004
805,0.500000,8.500000,4.500000,0,8,4,1.905507e-004
806,0.500000,8.500000,5.500000,0,8,5,1.905507e-004
807,0.500000,8.500000,6.500000,0,8,6,1.912899e-004
808,0.500000,8.500000,7.500000,0,8,7,1.908764e-004
809,0.500000,8.500000,8.500000,0,8,8,1.691079e-004
810,0.500000,8.500000,9.500000,0,8,9,6.927009e-005
811,1.500000,8.500000,0.500000,1,8,0,1.691079e-004
812,1.500000,8.500000,1.500000,1,8,1,9.821878e-004
813,1.500000,8.500000,2.500000,1,8,2,1.366505e-003
814,1.500000,8.500000,3.500000,1,8,3,1.572088e-003
815,1.500000,8.500000,4.500000,1,8,4,1.574651e-003
816,1.500000,8.500000,5.500000,1,8,5,1.574651e-003
817,1.500000,8.500000,6.500000,1,8,6,1.572088e-003
818,1.500000,8.500000,7.500000,1,8,7,1.366505e-003
819,1.500000,8.500000,8.500000,1,8,8,9.821878e-004
820,1.500000,8.500000,9.500000,1,8,9,1.691079e-004
821,2.500000,8.500000,0.500000,2,8,0,1.908764e-004
822,2.500000,8.500000,1.500000,2,8,1,1.366505e-003
823,2.500000,8.500000,2.500000,2,8,2,1.934369e-003
824,2.500000,8.500000,3.500000,2,8,3,1.857073e-003
825,2.500000,8.500000,4.500000,2,8,4,1.690911e-003
826,2.500000,8.500000,5.500000,2,8,5,1.690911e-003
827,2.500000,8.500000,6.500000,2,8,6,1.857073e-003
828,2.500000,8.500000,7.500000,2,8,7,1.934369e-003
829,2.500000,8.500000,8.500000,2,8,8,1.366505e-003
830,2.500000,8.500000,9.500000,2,8,9,1.908764e-004
831,3.500000,8.500000,0.500000,3,8,0,1.912899e-004
832,3.500000,8.500000,1.500000,3,8,1,1.572088e-003
833,3.500000,8.500000,2.500000,3,8,2,1.857073e-003
834,3.500000,8.500000,3.500000,3,8,3,4.623995e-007
835,3.500000,8.500000,4.500000,3,8,4,3.324560e-007
836,3.500000,8.500000,5.500000,3,8,5,3.324561e-007
837,3.500000,8.500000,6.500000,3,8,6,4.623995e-007
838,3.500000,8.500000,7.500000,3,8,7,1.857073e-003
839,3.500000,8.500000,8.500000,3,8,8,1.572088e-003
840,3.500000,8.500000,9.500000,3,8,9,1.912899e-004
841,4.500000,8.500000,0.500000,4,8,0,1.905507e-004
842,4.500000,8.500000,1.500000,4,8,1,1.574651e-003
843,4.500000,8.500000,2.500000,4,8,2,1.690911e-003
844,4.500000,8.500000,3.500000,4,8,3,3.324559e-007
845,4.500000,8.500000,4.500000,4,8,4,3.125050e-007
846,4.500000,8.500000,5.500000,4,8,5,3.125052e-007
847,4.500000,8.500000,6.500000,4,8,6,3.324560e-007
848,4.500000,8.500000,7.500000,4,8,7,1.690911e-003
849,4.500000,8.500000,8.500000,4,8,8,1.574651e-003
850,4.500000,8.500000,9.500000,4,8,9,1.905507e-004
851,5.500000,8.500000,0.500000,5,8,0,1.905507e-004
852,5.500000,8.500000,1.500000,5,8,1,1.574651e-003
853,5.500000,8.500000,2.500000,5,8,2,1.690911e-003
854,5.500000,8.500000,3.500000,5,8,3,3.324567e-007
855,5.500000,8.500000,4.500000,5,8,4,3.125058e-007
856,5.500000,8.500000,5.500000,5,8,5,3.125062e-007
857,5.500000,8.500000,6.500000,5,8,6,3.324573e-007
858,5.500000,8.500000,7.500000,5,8,7,1.690911e-003
859,5.500000,8.500000,8.500000,5,8,8,1.574651e-003
860,5.500000,8.500000,9.500000,5,8,9,1.905507e-004
861,6.500000,8.500000,0.500000,6,8,0,1.912899e-004
862,6.500000,8.500000,1.500000,6,8,1,1.572088e-003
863,6.500000,8.500000,2.500000,6,8,2,1.857073e-003
864,6.500000,8.500000,3.500000,6,8,3,4.623997e-007
865,6.500000,8.500000,4.500000,6,8,4,3.324566e-007
866,6.500000,8.500000,5.500000,6,8,5,3.324572e-007
867,6.500000,8.500000,6.500000,6,8,6,4.623999e-007
868,6.500000,8.500000,7.500000,6,8,7,1.857073e-003
869,6.500000,8.500000,8.500000,6,8,8,1.572088e-003
870,6.500000,8.500000,9.500000,6,8,9,1.912899e-004
871,7.500000,8.500000,0.500000,7,8,0,1.908764e-004
872,7.500000,8.500000,1.500000,7,8,1,1.366505e-003
873,7.500000,8.500000,2.500000,7,8,2,1.934369e-003
874,7.500000,8.500000,3.500000,7,8,3,1.857073e-003
875,7.500000,8.500000,4.500000,7,8,4,1.690911e-003
876,7.500000,8.500000,5.500000,7,8,5,1.690911e-003
877,7.500000,8.500000,6.500000,7,8,6,1.857073e-003
878,7.500000,8.500000,7.500000,7,8,7,1.934369e-003
879,7.500000,8.500000,8.500000,7,8,8,1.366505e-003
880,7.500000,8.500000,9.500000,7,8,9,1.908764e-004
881,8.500000,8.500000,0.500000,8,8,0,1.691079e-004
882,8.500000,8.500000,1.500000,8,8,1,9.821878e-004
883,8.500000,8.500000,2.500000,8,8,2,1.366505e-003
884,8.500000,8.500000,3.500000,8,8,3,1.572088e-003
885,8.500000,8.500000,4.500000,8,8,4,1.574651e-003
886,8.500000,8.500000,5.500000,8,8,5,1.574651e-003
887,8.500000,8.500000,6.500000,8,8,6,1.572088e-003
888,8.500000,8.500000,7.500000,8,8,7,1.366505e-003
889,8.500000,8.500000,8.500000,8,8,8,9.821878e-004
890,8.500000,8.500000,9.500000,8,8,9,1.691079e-004
891,9.500000,8.500000,0.500000,9,8,0,6.927009e-005
892,9.500000,8.500000,1.500000,9,8,1,1.691079e-004
893,9.500000,8.500000,2.500000,9,8,2,1.908764e-004
894,9.500000,8.500000,3.500000,9,8,3,1.912899e-004
895,9.500000,8.500000,4.500000,9,8,4,1.905507e-004
896,9.500000,8.500000,5.500000,9,8,5,1.905507e-004
897,9.500000,8.500000,6.500000,9,8,6,1.912899e-004
898,9.500000,8.500000,7.500000,9,8,7,1.908764e-004
899,9.500000,8.500000,8.500000,9,8,8,1.691079e-004
900,9.500000,8.500000,9.500000,9,8,9,6.927009e-005
901,0.500000,9.500000,0.500000,0,9,0,8.321665e-005
902,0.500000,9.500000,1.500000,0,9,1,1.035741e-004
903,0.500000,9.500000,2.500000,0,9,2,1.108490e-004
904,0.500000,9.500000,3.500000,0,9,3,1.033601e-004
905,0.500000,9.500000,4.500000,0,9,4,9.631805e-005
906,0.500000,9.500000,5.500000,0,9,5,9.631805e-005
907,0.500000,9.500000,6.500000,0,9,6,1.033601e-004
908,0.500000,9.500000,7.500000,0,9,7,1.108490e-004
909,0.500000,9.500000,8.500000,0,9,8,1.035741e-004
910,0.500000,9.500000,9.500000,0,9,9,8.321665e-005
911,1.500000,9.500000,0.500000,1,9,0,1.035741e-004
912,1.500000,9.500000,1.500000,1,9,1,1.507903e-004
913,1.500000,9.500000,2.500000,1,9,2,2.443094e-004
914,1.500000,9.500000,3.500000,1,9,3,3.103566e-004
915,1.500000,9.500000,4.500000,1,9,4,3.203246e-004
916,1.500000,9.500000,5.500000,1,9,5,3.203246e-004
917,1.500000,9.500000,6.500000,1,9,6,3.103566e-004
918,1.500000,9.500000,7.500000,1,9,7,2.443094e-004
919,1.500000,9.500000,8.500000,1,9,8,1.507903e-004
920,1.500000,9.500000,9.500000,1,9,9,1.035741e-004
921,2.500000,9.500000,0.500000,2,9,0,1.108490e-004
922,2.500000,9.500000,1.500000,2,9,1,2.443094e-004
923,2.500000,9.500000,2.500000,2,9,2,5.004067e-004
924,2.500000,9.500000,3.500000,2,9,3,4.449679e-004
925,2.500000,9.500000,4.500000,2,9,4,2.826372e-004
926,2.500000,9.500000,5.500000,2,9,5,2.826372e-004
927,2.500000,9.500000,6.500000,2,9,6,4.449679e-004
928,2.500000,9.500000,7.500000,2,9,7,5.004067e-004
929,2.500000,9.500000,8.500000,2,9,8,2.443094e-004
930,2.500000,9.500000,9.500000,2,9,9,1.108490e-004
931,3.500000,9.500000,0.500000,3,9,0,1.033601e-004
932,3.500000,9.500000,1.500000,3,9,1,3.103566e-004
933,3.500000,9.500000,2.500000,3,9,2,4.449679e-004
934,3.500000,9.500000,3.500000,3,9,3,1.935448e-007
935,3.500000,9.500000,4.500000,3,9,4,1.626115e-007
936,3.500000,9.500000,5.500000,3,9,5,1.626115e-007
937,3.500000,9.500000,6.500000,3,9,6,1.935448e-007
938,3.500000,9.500000,7.500000,3,9,7,4.449679e-004
939,3.500000,9.500000,8.500000,3,9,8,3.103566e-004
940,3.500000,9.500000,9.500000,3,9,9,1.033601e-004
941,4.500000,9.500000,0.500000,4,9,0,9.631805e-005
942,4.500000,9.500000,1.500000,4,9,1,3.203246e-004
943,4.500000,9.500000,2.500000,4,9,2,2.826372e-004
944,4.500000,9.500000,3.500000,4,9,3,1.626113e-007
945,4.500000,9.500000,4.500000,4,9,4,3.929300e-008
946,4.500000,9.500000,5.500000,4,9,5,3.929304e-008
947,4.500000,9.500000,6.500000,4,9,6,1.626112e-007
948,4.500000,9.500000,7.500000,4,9,7,2.826372e-004
949,4.500000,9.500000,8.500000,4,9,8,3.203246e-004
950,4.500000,9.500000,9.500000,4,9,9,9.631805e-005
951,5.500000,9.500000,0.500000,5,9,0,9.631805e-005
952,5.500000,9.500000,1.500000,5,9,1,3.203246e-004
953,5.500000,9.500000,2.500000,5,9,2,2.826372e-004
954,5.500000,9.500000,3.500000,5,9,3,1.626113e-007
955,5.500000,9.500000,4.500000,5,9,4,3.929323e-008
956,5.500000,9.500000,5.500000,5,9,5,3.929341e-008
957,5.500000,9.500000,6.500000,5,9,6,1.626111e-007
958,5.500000,9.500000,7.500000,5,9,7,2.826372e-004
959,5.500000,9.500000,8.500000,5,9,8,3.203246e-004
960,5.500000,9.500000,9.500000,5,9,9,9.631805e-005
961,6.500000,9.500000,0.500000,6,9,0,1.033601e-004
962,6.500000,9.500000,1.500000,6,9,1,3.103566e-004
963,6.500000,9.500000,2.500000,6,9,2,4.449679e-004
964,6.500000,9.500000,3.500000,6,9,3,1.935439e-007
965,6.500000,9.500000,4.500000,6,9,4,1.626110e-007
966,6.500000,9.500000,5.500000,6,9,5,1.626109e-007
967,6.500000,9.500000,6.500000,6,9,6,1.935429e-007
968,6.500000,9.500000,7.500000,6,9,7,4.449679e-004
969,6.500000,9.500000,8.500000,6,9,8,3.103566e-004
970,6.500000,9.500000,9.500000,6,9,9,1.033601e-004
971,7.500000,9.500000,0.500000,7,9,0,1.108490e-004
972,7.500000,9.500000,1.500000,7,9,1,2.443094e-004
973,7.500000,9.500000,2.500000,7,9,2,5.004067e-004
974,7.500000,9.500000,3.500000,7,9,3,4.449679e-004
975,7.500000,9.500000,4.500000,7,9,4,2.826372e-004
976,7.500000,9.500000,5.500000,7,9,5,2.826372e-004
977,7.500000,9.500000,6.500000,7,9,6,4.449679e-004
978,7.500000,9.500000,7.500000,7,9,7,5.004067e-004
979,7.500000,9.500000,8.500000,7,9,8,2.443094e-004
980,7.500000,9.500000,9.500000,7,9,9,1.108490e-004
981,8.500000,9.500000,0.500000,8,9,0,1.035741e-004
982,8.500000,9.500000,1.500000,8,9,1,1.507903e-004
983,8.500000,9.500000,2.500000,8,9,2,2.443094e-004
984,8.500000,9.500000,3.500000,8,9,3,3.103566e-004
985,8.500000,9.500000,4.500000,8,9,4,3.203246e-004
986,8.500000,9.500000,5.500000,8,9,5,3.203246e-004
987,8.500000,9.500000,6.500000,8,9,6,3.103566e-004
988,8.500000,9.500000,7.500000,8,9,7,2.443094e-004
989,8.500000,9.500000,8.500000,8,9,8,1.507903e-004
990,8.500000,9.500000,9.500000,8,9,9,1.035741e-004
991,9.500000,9.500000,0.500000,9,9,0,8.321665e-005
992,9.500000,9.500000,1.500000,9,9,1,1.035741e-004
993,9.500000,9.500000,2.500000,9,9,2,1.108490e-004
994,9.500000,9.500000,3.500000,9,9,3,1.033601e-004
995,9.500000,9.500000,4.500000,9,9,4,9.631805e-005
996,9.500000,9.500000,5.500000,9,9,5,9.631805e-005
997,9.500000,9.500000,6.500000,9,9,6,1.033601e-004
998,9.500000,9.500000,7.500000,9,9,7,1.108490e-004
999,9.500000,9.500000,8.500000,9,9,8,1.035741e-004
1000,9.500000,9.500000,9.500000,9,9,9,8.321665e-005
1001,3.500000,10.500000,3.500000,3,10,3,5.899541e-007
1002,3.500000,10.500000,4.500000,3,10,4,2.265493e-007
1003,3.500000,10.500000,5.500000,3,10,5,2.265493e-007
1004,3.500000,10.500000,6.500000,3,10,6,5.899541e-007
1005,4.500000,10.500000,3.500000,4,10,3,2.265492e-007
1006,4.500000,10.500000,4.500000,4,10,4,1.056311e-007
1007,4.500000,10.500000,5.500000,4,10,5,1.056311e-007
1008,4.500000,10.500000,6.500000,4,10,6,2.265492e-007
1009,5.500000,10.500000,3.500000,5,10,3,2.265492e-007
1010,5.500000,10.500000,4.500000,5,10,4,1.056309e-007
1011,5.500000,10.500000,5.500000,5,10,5,1.056308e-007
1012,5.500000,10.500000,6.500000,5,10,6,2.265491e-007
1013,6.500000,10.500000,3.500000,6,10,3,5.899540e-007
1014,6.500000,10.500000,4.500000,6,10,4,2.265491e-007
1015,6.500000,10.500000,5.500000,6,10,5,2.265491e-007
1016,6.500000,10.500000,6.500000,6,10,6,5.899540e-007
1017,3.500000,11.500000,3.500000,3,11,3,3.366255e-007
1018,3.500000,11.500000,4.500000,3,11,4,2.482729e-007
1019,3.500000,11.500000,5.500000,3,11,5,2.482729e-007
1020,3.500000,11.500000,6.500000,3,11,6,3.366255e-007
1021,4.500000,11.500000,3.500000,4,11,3,2.482728e-007
1022,4.500000,11.500000,4.500000,4,11,4,1.742751e-007
1023,4.500000,11.500000,5.500000,4,11,5,1.742751e-007
1024,4.500000,11.500000,6.500000,4,11,6,2.482727e-007
1025,5.500000,11.500000,3.500000,5,11,3,2.482728e-007
1026,5.500000,11.500000,4.500000,5,11,4,1.742751e-007
1027,5.500000,11.500000,5.500000,5,11,5,1.742752e-007
1028,5.500000,11.500000,6.500000,5,11,6,2.482727e-007
1029,6.500000,11.500000,3.500000,6,11,3,3.366253e-007
1030,6.500000,11.500000,4.500000,6,11,4,2.482726e-007
1031,6.500000,11.500000,5.500000,6,11,5,2.482726e-007
1032,6.500000,11.500000,6.500000,6,11,6,3.366250e-007
1033,3.500000,12.500000,3.500000,3,12,3,2.404538e-007
1034,3.500000,12.500000,4.500000,3,12,4,2.615418e-007
1035,3.500000,12.500000,5.500000,3,12,5,2.615418e-007
1036,3.500000,12.500000,6.500000,3,12,6,2.404539e-007
1037,4.500000,12.500000,3.500000,4,12,3,2.615418e-007
1038,4.500000,12.500000,4.500000,4,12,4,2.695576e-007
1039,4.500000,12.500000,5.500000,4,12,5,2.695575e-007
1040,4.500000,12.500000,6.500000,4,12,6,2.615417e-007
1041,5.500000,12.500000,3.500000,5,12,3,2.615418e-007
1042,5.500000,12.500000,4.500000,5,12,4,2.695576e-007
1043,5.500000,12.500000,5.500000,5,12,5,2.695577e-007
1044,5.500000,12.500000,6.500000,5,12,6,2.615418e-007
1045,6.500000,12.500000,3.500000,6,12,3,2.404539e-007
1046,6.500000,12.500000,4.500000,6,12,4,2.615418e-007
1047,6.500000,12.500000,5.500000,6,12,5,2.615418e-007
1048,6.500000,12.500000,6.500000,6,12,6,2.404537e-007
1049,3.500000,13.500000,3.500000,3,13,3,2.633876e-007
1050,3.500000,13.500000,4.500000,3,13,4,2.717146e-007
1051,3.500000,13.500000,5.500000,3,13,5,2.717146e-007
1052,3.500000,13.500000,6.500000,3,13,6,2.633878e-007
1053,4.500000,13.500000,3.500000,4,13,3,2.717146e-007
1054,4.500000,13.500000,4.500000,4,13,4,2.803904e-007
1055,4.500000,13.500000,5.500000,4,13,5,2.803903e-007
1056,4.500000,13.500000,6.500000,4,13,6,2.717146e-007
1057,5.500000,13.500000,3.500000,5,13,3,2.717145e-007
1058,5.500000,13.500000,4.500000,5,13,4,2.803903e-007
1059,5.500000,13.500000,5.500000,5,13,5,2.803903e-007
1060,5.500000,13.500000,6.500000,5,13,6,2.717146e-007
1061,6.500000,13.500000,3.500000,6,13,3,2.633878e-007
1062,6.500000,13.500000,4.500000,6,13,4,2.717146e-007
1063,6.500000,13.500000,5.500000,6,13,5,2.717146e-007
1064,6.500000,13.500000,6.500000,6,13,6,2.633876e-007
1065,3.500000,14.500000,3.500000,3,14,3,2.679639e-007
1066,3.500000,14.500000,4.500000,3,14,4,2.667417e-007
1067,3.500000,14.500000,5.500000,3,14,5,2.667416e-007
1068,3.500000,14.500000,6.500000,3,14,6,2.679643e-007
1069,4.500000,14.500000,3.500000,4,14,3,2.667418e-007
1070,4.500000,14.500000,4.500000,4,14,4,2.653886e-007
1071,4.500000,14.500000,5.500000,4,14,5,2.653885e-007
1072,4.500000,14.500000,6.500000,4,14,6,2.667418e-007
1073,5.500000,14.500000,3.500000,5,14,3,2.667417e-007
1074,5.500000,14.500000,4.500000,5,14,4,2.653885e-007
1075,5.500000,14.500000,5.500000,5,14,5,2.653885e-007
1076,5.500000,14.500000,6.500000,5,14,6,2.667418e-007
1077,6.500000,14.500000,3.500000,6,14,3,2.679645e-007
1078,6.500000,14.500000,4.500000,6,14,4,2.667418e-007
1079,6.500000,14.500000,5.500000,6,14,5,2.667419e-007
1080,6.500000,14.500000,6.500000,6,14,6,2.679643e-007
1081,3.500000,15.500000,3.500000,3,15,3,2.917286e-007
1082,3.500000,15.500000,4.500000,3,15,4,2.571741e-007
1083,3.500000,15.500000,5.500000,3,15,5,2.571739e-007
1084,3.500000,15.500000,6.500000,3,15,6,2.917291e-007
1085,4.500000,15.500000,3.500000,4,15,3,2.571742e-007
1086,4.500000,15.500000,4.500000,4,15,4,2.236256e-007
1087,4.500000,15.500000,5.500000,4,15,5,2.236254e-007
1088,4.500000,15.500000,6.500000,4,15,6,2.571742e-007
1089,5.500000,15.500000,3.500000,5,15,3,2.571738e-007
1090,5.500000,15.500000,4.500000,5,15,4,2.236251e-007
1091,5.500000,15.500000,5.500000,5,15,5,2.236251e-007
1092,5.500000,15.500000,6.500000,5,15,6,2.571740e-007
1093,6.500000,15.500000,3.500000,6,15,3,2.917293e-007
1094,6.500000,15.500000,4.500000,6,15,4,2.571741e-007
1095,6.500000,15.500000,5.500000,6,15,5,2.571741e-007
1096,6.500000,15.500000,6.500000,6,15,6,2.917291e-007
1097,3.500000,16.500000,3.500000,3,16,3,3.451922e-007
1098,3.500000,16.500000,4.500000,3,16,4,2.558912e-007
1099,3.500000,16.500000,5.500000,3,16,5,2.558913e-007
1100,3.500000,16.500000,6.500000,3,16,6,3.451937e-007
1101,4.500000,16.500000,3.500000,4,16,3,2.558915e-007
1102,4.500000,16.500000,4.500000,4,16,4,1.681561e-007
1103,4.500000,16.500000,5.500000,4,16,5,1.681559e-007
1104,4.500000,16.500000,6.500000,4,16,6,2.558918e-007
1105,5.500000,16.500000,3.500000,5,16,3,2.558916e-007
1106,5.500000,16.500000,4.500000,5,16,4,1.681557e-007
1107,5.500000,16.500000,5.500000,5,16,5,1.681558e-007
1108,5.500000,16.500000,6.500000,5,16,6,2.558917e-007
1109,6.500000,16.500000,3.500000,6,16,3,3.451946e-007
1110,6.500000,16.500000,4.500000,6,16,4,2.558922e-007
1111,6.500000,16.500000,5.500000,6,16,5,2.558920e-007
1112,6.500000,16.500000,6.500000,6,16,6,3.451941e-007
1113,3.500000,17.500000,3.500000,3,17,3,3.212795e-007
1114,3.500000,17.500000,4.500000,3,17,4,2.612638e-007
1115,3.500000,17.500000,5.500000,3,17,5,2.612630e-007
1116,3.500000,17.500000,6.500000,3,17,6,3.212797e-007
1117,4.500000,17.500000,3.500000,4,17,3,2.612639e-007
1118,4.500000,17.500000,4.500000,4,17,4,2.103439e-007
1119,4.500000,17.500000,5.500000,4,17,5,2.103433e-007
1120,4.500000,17.500000,6.500000,4,17,6,2.612633e-007
1121,5.500000,17.500000,3.500000,5,17,3,2.612626e-007
1122,5.500000,17.500000,4.500000,5,17,4,2.103426e-007
1123,5.500000,17.500000,5.500000,5,17,5,2.103427e-007
1124,5.500000,17.500000,6.500000,5,17,6,2.612628e-007
1125,6.500000,17.500000,3.500000,6,17,3,3.212797e-007
1126,6.500000,17.500000,4.500000,6,17,4,2.612628e-007
1127,6.500000,17.500000,5.500000,6,17,5,2.612630e-007
1128,6.500000,17.500000,6.500000,6,17,6,3.212796e-007
